{"cameraMode":{"drawMode":0,"name":"Shaded","section":"Shading Mode"},"sceneLighting":false,"audioPlay":false,"sceneViewState":{"m_AlwaysRefresh":false,"showFog":true,"showSkybox":false,"showFlares":true,"showImageEffects":true,"showParticleSystems":true,"showVisualEffectGraphs":true,"m_FxEnabled":false},"in2DMode":false,"pivot":{"x":1.5046690702438355,"y":-1.0823416709899903,"z":4.555952548980713},"rotation":{"x":0.2622058391571045,"y":-0.17680960893630982,"z":0.048933450132608417,"w":0.9474214911460877},"size":1.560840368270874,"orthographic":false}