{"cameraMode":{"drawMode":0,"name":"Shaded","section":"Shading Mode"},"sceneLighting":false,"audioPlay":false,"sceneViewState":{"m_AlwaysRefresh":false,"showFog":true,"showSkybox":false,"showFlares":true,"showImageEffects":true,"showParticleSystems":true,"showVisualEffectGraphs":true,"m_FxEnabled":false},"in2DMode":false,"pivot":{"x":-0.0023058652877807619,"y":-2.1940701007843019,"z":3.7330403327941896},"rotation":{"x":0.27567440271377566,"y":-0.4679710865020752,"z":0.1563808172941208,"w":0.8249654173851013},"size":2.7608399391174318,"orthographic":false}