{"cameraMode":{"drawMode":0,"name":"Shaded","section":"Shading Mode"},"sceneLighting":false,"audioPlay":false,"sceneViewState":{"m_AlwaysRefresh":false,"showFog":true,"showSkybox":false,"showFlares":true,"showImageEffects":true,"showParticleSystems":true,"showVisualEffectGraphs":true,"m_FxEnabled":false},"in2DMode":false,"pivot":{"x":1.3450000286102296,"y":-0.8072242736816406,"z":3.932626247406006},"rotation":{"x":0.11197252571582794,"y":-0.07148289680480957,"z":0.008074476383626461,"w":0.9911079406738281},"size":2.7608399391174318,"orthographic":true}