{"cameraMode":{"drawMode":0,"name":"Shaded","section":"Shading Mode"},"sceneLighting":false,"audioPlay":false,"sceneViewState":{"m_AlwaysRefresh":false,"showFog":true,"showSkybox":false,"showFlares":true,"showImageEffects":true,"showParticleSystems":true,"showVisualEffectGraphs":true,"m_FxEnabled":false},"in2DMode":false,"pivot":{"x":1.0469996929168702,"y":-2.1968815326690676,"z":4.345300674438477},"rotation":{"x":0.25050637125968935,"y":-0.2520067095756531,"z":0.06771431863307953,"w":0.9322923421859741},"size":2.7608399391174318,"orthographic":false}