{"cameraMode":{"drawMode":0,"name":"Shaded","section":"Shading Mode"},"sceneLighting":false,"audioPlay":false,"sceneViewState":{"m_AlwaysRefresh":false,"showFog":true,"showSkybox":false,"showFlares":true,"showImageEffects":true,"showParticleSystems":true,"showVisualEffectGraphs":true,"m_FxEnabled":false},"in2DMode":false,"pivot":{"x":-1.1999998092651368,"y":1.5050536394119263,"z":-3.5762786865234377e-7},"rotation":{"x":0.44301995635032656,"y":-0.05507780984044075,"z":0.02727634645998478,"w":0.8944103121757507},"size":6.505013942718506,"orthographic":true}