{"cameraMode":{"drawMode":0,"name":"Shaded","section":"Shading Mode"},"sceneLighting":false,"audioPlay":false,"sceneViewState":{"m_AlwaysRefresh":false,"showFog":true,"showSkybox":false,"showFlares":true,"showImageEffects":true,"showParticleSystems":true,"showVisualEffectGraphs":true,"m_FxEnabled":false},"in2DMode":false,"pivot":{"x":1.3450000286102296,"y":-0.8072242736816406,"z":3.932626247406006},"rotation":{"x":0.28037911653518679,"y":-0.46825623512268069,"z":0.1596049666404724,"w":0.8225880861282349},"size":2.7608399391174318,"orthographic":true}