{"cameraMode":{"drawMode":0,"name":"Shaded","section":"Shading Mode"},"sceneLighting":false,"audioPlay":false,"sceneViewState":{"m_AlwaysRefresh":false,"showFog":true,"showSkybox":false,"showFlares":true,"showImageEffects":true,"showParticleSystems":true,"showVisualEffectGraphs":true,"m_FxEnabled":false},"in2DMode":false,"pivot":{"x":412.23223876953127,"y":894.0484008789063,"z":3.129243850708008e-7},"rotation":{"x":0.11354893445968628,"y":-0.05957514047622681,"z":0.006820795591920614,"w":0.9917229413986206},"size":1.854642391204834,"orthographic":true}