{"cameraMode":{"drawMode":0,"name":"Shaded","section":"Shading Mode"},"sceneLighting":false,"audioPlay":false,"sceneViewState":{"m_AlwaysRefresh":false,"showFog":true,"showSkybox":false,"showFlares":true,"showImageEffects":true,"showParticleSystems":true,"showVisualEffectGraphs":true,"m_FxEnabled":false},"in2DMode":false,"pivot":{"x":1.3450000286102296,"y":-0.8731858134269714,"z":7.558810710906982},"rotation":{"x":0.05547063797712326,"y":0.0044934870675206188,"z":-0.00025015449500642717,"w":0.9984579086303711},"size":2.761354684829712,"orthographic":false}