{"cameraMode":{"drawMode":0,"name":"Shaded","section":"Shading Mode"},"sceneLighting":false,"audioPlay":false,"sceneViewState":{"m_AlwaysRefresh":false,"showFog":true,"showSkybox":false,"showFlares":true,"showImageEffects":true,"showParticleSystems":true,"showVisualEffectGraphs":true,"m_FxEnabled":false},"in2DMode":false,"pivot":{"x":1.3450000286102296,"y":-0.8072242736816406,"z":3.932626247406006},"rotation":{"x":0.09883346408605576,"y":-0.010448657907545567,"z":0.0010372574906796218,"w":0.9950518608093262},"size":1.7731558084487916,"orthographic":true}