{"cameraMode":{"drawMode":0,"name":"Shaded","section":"Shading Mode"},"sceneLighting":false,"audioPlay":false,"sceneViewState":{"m_AlwaysRefresh":false,"showFog":true,"showSkybox":false,"showFlares":true,"showImageEffects":true,"showParticleSystems":true,"showVisualEffectGraphs":true,"m_FxEnabled":false},"in2DMode":false,"pivot":{"x":-2.3496973514556886,"y":-2.4609687328338625,"z":-0.0749993696808815},"rotation":{"x":0.12863147258758546,"y":0.0133872264996171,"z":-0.0017374487360939384,"w":0.9916051030158997},"size":4.57770299911499,"orthographic":true}