{"cameraMode":{"drawMode":0,"name":"Shaded","section":"Shading Mode"},"sceneLighting":false,"audioPlay":false,"sceneViewState":{"m_AlwaysRefresh":false,"showFog":true,"showSkybox":false,"showFlares":true,"showImageEffects":true,"showParticleSystems":true,"showVisualEffectGraphs":true,"m_FxEnabled":false},"in2DMode":false,"pivot":{"x":19.279998779296876,"y":13.599998474121094,"z":34.332435607910159},"rotation":{"x":-0.17906706035137177,"y":0.8125884532928467,"z":-0.45133450627326968,"w":-0.3223976194858551},"size":39.143157958984378,"orthographic":false}