{"cameraMode":{"drawMode":0,"name":"Shaded","section":"Shading Mode"},"sceneLighting":true,"audioPlay":false,"sceneViewState":{"m_AlwaysRefresh":false,"showFog":true,"showSkybox":true,"showFlares":true,"showImageEffects":true,"showParticleSystems":true,"showVisualEffectGraphs":true,"m_FxEnabled":false},"in2DMode":false,"pivot":{"x":461.7947998046875,"y":990.967041015625,"z":18.575088500976564},"rotation":{"x":0.007499198894947767,"y":-0.0029995152726769449,"z":0.000021997926523908973,"w":0.9999753832817078},"size":101.49497985839844,"orthographic":false}