{"cameraMode":{"drawMode":0,"name":"Shaded","section":"Shading Mode"},"sceneLighting":false,"audioPlay":false,"sceneViewState":{"m_AlwaysRefresh":false,"showFog":true,"showSkybox":false,"showFlares":true,"showImageEffects":true,"showParticleSystems":true,"showVisualEffectGraphs":true,"m_FxEnabled":false},"in2DMode":false,"pivot":{"x":-0.07698839902877808,"y":-0.3545873761177063,"z":-0.07499974966049195},"rotation":{"x":0.05547063797712326,"y":0.0044934870675206188,"z":-0.00025015449500642717,"w":0.9984579086303711},"size":2.838589668273926,"orthographic":false}