{"cameraMode":{"drawMode":0,"name":"Shaded","section":"Shading Mode"},"sceneLighting":false,"audioPlay":false,"sceneViewState":{"m_AlwaysRefresh":false,"showFog":true,"showSkybox":false,"showFlares":true,"showImageEffects":true,"showParticleSystems":true,"showVisualEffectGraphs":true,"m_FxEnabled":false},"in2DMode":false,"pivot":{"x":0.8388739824295044,"y":-1.5466725826263428,"z":2.8657262325286867},"rotation":{"x":-0.4208436608314514,"y":0.19392751157283784,"z":-0.09260446578264237,"w":-0.8813152313232422},"size":2.2658309936523439,"orthographic":false}